<?xml version="1.0" encoding="UTF-8"?>

<!DOCTYPE struts PUBLIC
"-//Apache Software Foundation//DTD Struts Configuration 2.0//EN"
"http://struts.apache.org/dtds/struts-2.0.dtd">
<struts>
    <package name="technosoft" namespace="/" extends="struts-default">
        <action name="loadmypage">
            <result>home.jsp</result>
        </action>
         <action name="signupaction" class="dao.action.Scode">
            <result name="success">home.jsp</result>
        </action>
          
    </package>
    
    
</struts>



